verbatimIdentification,cleanedTaxonomy,selected_match,scientificName,confidence,taxonRank,taxonID,kingdom,phylum,class,order,family,genus,match_type_debug,nameAccordingTo
Bacteria,Bacteria,True,Bacteria,97,kingdom,gbif:3,Bacteria,,,,,,GBIF_EXACT,GBIF
Eukaryota;Chordata;Actinopteri,Eukaryota;Chordata;Actinopteri,True,Chordata,97,phylum,gbif:44,Animalia,Chordata,,,,,GBIF_EXACT,GBIF
Eukaryota;Chordata;Actinopteri;Acanthuriformes;Antigoniidae;Antigonia;Antigonia capros,Eukaryota;Chordata;Actinopteri;Acanthuriformes;Antigoniidae;Antigonia;Antigonia capros,True,"Antigonia capros Lowe, 1843",100,species,gbif:2389693,Animalia,Chordata,,Perciformes,Caproidae,Antigonia,GBIF_EXACT,GBIF
Eukaryota;Chordata;Actinopteri;Acanthuriformes;Antigoniidae;Antigonia;Antigonia capros,Eukaryota;Chordata;Actinopteri;Acanthuriformes;Antigoniidae;Antigonia;Antigonia capros,False,"Antigonia capros Lowe, 1843",99,species,gbif:2389693,Animalia,Chordata,,Perciformes,Caproidae,Antigonia,GBIF_EXACT,GBIF
Eukaryota;Chordata;Actinopteri;Acropomatiformes;Acropomatidae,Eukaryota;Chordata;Actinopteri;Acropomatiformes;Acropomatidae,True,Acropomatidae,97,family,gbif:8486,Animalia,Chordata,,Perciformes,Acropomatidae,,GBIF_EXACT,GBIF
Eukaryota;Chordata;Actinopteri;Acropomatiformes;Acropomatidae;Synagrops;Synagrops bellus,Eukaryota;Chordata;Actinopteri;Acropomatiformes;Acropomatidae;Synagrops;Synagrops bellus,True,"Synagrops bellus (Goode & Bean, 1896)",100,species,gbif:2381532,Animalia,Chordata,,Perciformes,Acropomatidae,Synagrops,GBIF_EXACT,GBIF
Eukaryota;Chordata;Actinopteri;Acropomatiformes;Acropomatidae;Synagrops;Synagrops spinosus,Eukaryota;Chordata;Actinopteri;Acropomatiformes;Acropomatidae;Synagrops;Synagrops spinosus,True,"Synagrops spinosa Schultz, 1940",100,species,gbif:2381525,Animalia,Chordata,,Perciformes,Acropomatidae,Parascombrops,GBIF_FUZZY,GBIF
Eukaryota;Chordata;Actinopteri;Acropomatiformes;Acropomatidae;Verilus,Eukaryota;Chordata;Actinopteri;Acropomatiformes;Acropomatidae;Verilus,True,"Verilus Poey, 1860",97,genus,gbif:2381536,Animalia,Chordata,,Perciformes,Acropomatidae,Verilus,GBIF_EXACT,GBIF
Eukaryota;Chordata;Actinopteri;Anguilliformes,Eukaryota;Chordata;Actinopteri;Anguilliformes,True,Anguilliformes,97,order,gbif:495,Animalia,Chordata,,Anguilliformes,,,GBIF_EXACT,GBIF
Eukaryota;Chordata;Actinopteri;Anguilliformes;Chlopsidae;Chilorhinus;Chilorhinus suensonii,Eukaryota;Chordata;Actinopteri;Anguilliformes;Chlopsidae;Chilorhinus;Chilorhinus suensonii,True,"Chilorhinus suensonii Lütken, 1852",100,species,gbif:2405420,Animalia,Chordata,,Anguilliformes,Chlopsidae,Chilorhinus,GBIF_EXACT,GBIF
Eukaryota;Chordata;Actinopteri;Anguilliformes;Chlopsidae;Chilorhinus;Chilorhinus suensonii,Eukaryota;Chordata;Actinopteri;Anguilliformes;Chlopsidae;Chilorhinus;Chilorhinus suensonii,False,"Chilorhinus suensonii Lütken, 1852",99,species,gbif:2405420,Animalia,Chordata,,Anguilliformes,Chlopsidae,Chilorhinus,GBIF_EXACT,GBIF
Eukaryota;Chordata;Actinopteri;Anguilliformes;Congridae;Ariosoma;Ariosoma balearicum,Eukaryota;Chordata;Actinopteri;Anguilliformes;Congridae;Ariosoma;Ariosoma balearicum,True,"Ariosoma balearicum (Delaroche, 1809)",100,species,gbif:2403180,Animalia,Chordata,,Anguilliformes,Congridae,Ariosoma,GBIF_EXACT,GBIF
Eukaryota;Chordata;Actinopteri;Anguilliformes;Congridae;Ariosoma;Ariosoma balearicum,Eukaryota;Chordata;Actinopteri;Anguilliformes;Congridae;Ariosoma;Ariosoma balearicum,False,"Ariosoma balearicum (Delaroche, 1809)",99,species,gbif:2403180,Animalia,Chordata,,Anguilliformes,Congridae,Ariosoma,GBIF_EXACT,GBIF
Eukaryota;Chordata;Actinopteri;Anguilliformes;Congridae;Paraconger;Paraconger caudilimbatus,Eukaryota;Chordata;Actinopteri;Anguilliformes;Congridae;Paraconger;Paraconger caudilimbatus,True,"Paraconger caudilimbatus (Poey, 1867)",100,species,gbif:2403400,Animalia,Chordata,,Anguilliformes,Congridae,Paraconger,GBIF_EXACT,GBIF
Eukaryota;Chordata;Actinopteri;Anguilliformes;Congridae;Paraconger;Paraconger caudilimbatus,Eukaryota;Chordata;Actinopteri;Anguilliformes;Congridae;Paraconger;Paraconger caudilimbatus,False,"Paraconger caudilimbatus (Poey, 1867)",99,species,gbif:2403400,Animalia,Chordata,,Anguilliformes,Congridae,Paraconger,GBIF_EXACT,GBIF
Eukaryota;Chordata;Actinopteri;Anguilliformes;Congridae;Rhynchoconger;Rhynchoconger flavus,Eukaryota;Chordata;Actinopteri;Anguilliformes;Congridae;Rhynchoconger;Rhynchoconger flavus,True,"Rhynchoconger flavus (Goode & Bean, 1896)",100,species,gbif:2403429,Animalia,Chordata,,Anguilliformes,Congridae,Rhynchoconger,GBIF_EXACT,GBIF
Eukaryota;Chordata;Actinopteri;Anguilliformes;Congridae;Uroconger;Uroconger syringinus,Eukaryota;Chordata;Actinopteri;Anguilliformes;Congridae;Uroconger;Uroconger syringinus,True,"Uroconger syringinus Ginsburg, 1954",100,species,gbif:2403259,Animalia,Chordata,,Anguilliformes,Congridae,Uroconger,GBIF_EXACT,GBIF
Eukaryota;Chordata;Actinopteri;Anguilliformes;Congridae;Uroconger;Uroconger syringinus,Eukaryota;Chordata;Actinopteri;Anguilliformes;Congridae;Uroconger;Uroconger syringinus,False,"Uroconger syringinus Ginsburg, 1954",99,species,gbif:2403259,Animalia,Chordata,,Anguilliformes,Congridae,Uroconger,GBIF_EXACT,GBIF
Eukaryota;Chordata;Actinopteri;Anguilliformes;Congridae;Xenomystax,Eukaryota;Chordata;Actinopteri;Anguilliformes;Congridae;Xenomystax,True,"Xenomystax Gilbert, 1891",97,genus,gbif:2403464,Animalia,Chordata,,Anguilliformes,Congridae,Xenomystax,GBIF_EXACT,GBIF
Eukaryota;Chordata;Actinopteri;Anguilliformes;Nettastomatidae;Hoplunnis,Eukaryota;Chordata;Actinopteri;Anguilliformes;Nettastomatidae;Hoplunnis,True,"Hoplunnis Kaup, 1859",97,genus,gbif:2402938,Animalia,Chordata,,Anguilliformes,Nettastomatidae,Hoplunnis,GBIF_EXACT,GBIF
Eukaryota;Chordata;Actinopteri;Anguilliformes;Nettastomatidae;Hoplunnis;Hoplunnis tenuis,Eukaryota;Chordata;Actinopteri;Anguilliformes;Nettastomatidae;Hoplunnis;Hoplunnis tenuis,True,"Hoplunnis tenuis Ginsburg, 1951",99,species,gbif:2402939,Animalia,Chordata,,Anguilliformes,Nettastomatidae,Hoplunnis,GBIF_EXACT,GBIF
Eukaryota;Chordata;Actinopteri;Anguilliformes;Nettastomatidae;Venefica,Eukaryota;Chordata;Actinopteri;Anguilliformes;Nettastomatidae;Venefica,True,"Venefica Jordan & Davis, 1891",97,genus,gbif:2402908,Animalia,Chordata,,Anguilliformes,Nettastomatidae,Venefica,GBIF_EXACT,GBIF
Eukaryota;Chordata;Actinopteri;Anguilliformes;Ophichthidae,Eukaryota;Chordata;Actinopteri;Anguilliformes;Ophichthidae,True,Ophichthidae,97,family,gbif:2955,Animalia,Chordata,,Anguilliformes,Ophichthidae,,GBIF_EXACT,GBIF
Eukaryota;Chordata;Actinopteri;Anguilliformes;Synaphobranchidae;Dysomma;Dysomma anguillare,Eukaryota;Chordata;Actinopteri;Anguilliformes;Synaphobranchidae;Dysomma;Dysomma anguillare,True,"Dysomma anguillare Barnard, 1923",100,species,gbif:5212921,Animalia,Chordata,,Anguilliformes,Synaphobranchidae,Dysomma,GBIF_EXACT,GBIF
Eukaryota;Chordata;Actinopteri;Anguilliformes;Synaphobranchidae;Dysomma;Dysomma anguillare,Eukaryota;Chordata;Actinopteri;Anguilliformes;Synaphobranchidae;Dysomma;Dysomma anguillare,False,"Dysomma anguillare Barnard, 1923",99,species,gbif:5212921,Animalia,Chordata,,Anguilliformes,Synaphobranchidae,Dysomma,GBIF_EXACT,GBIF
Eukaryota;Chordata;Actinopteri;Argentiniformes;Argentinidae;Argentina;Argentina sialis,Eukaryota;Chordata;Actinopteri;Argentiniformes;Argentinidae;Argentina;Argentina sialis,True,"Argentina sialis Gilbert, 1890",100,species,gbif:5214451,Animalia,Chordata,,Osmeriformes,Argentinidae,Argentina,GBIF_EXACT,GBIF
Eukaryota;Chordata;Actinopteri;Argentiniformes;Argentinidae;Argentina;Argentina sialis,Eukaryota;Chordata;Actinopteri;Argentiniformes;Argentinidae;Argentina;Argentina sialis,False,"Argentina sialis Gilbert, 1890",99,species,gbif:5214451,Animalia,Chordata,,Osmeriformes,Argentinidae,Argentina,GBIF_EXACT,GBIF
Eukaryota;Chordata;Actinopteri;Argentiniformes;Argentinidae;Argentina;Argentina striata,Eukaryota;Chordata;Actinopteri;Argentiniformes;Argentinidae;Argentina;Argentina striata,True,"Argentina striata Goode & Bean, 1896",100,species,gbif:5214449,Animalia,Chordata,,Osmeriformes,Argentinidae,Argentina,GBIF_EXACT,GBIF
Eukaryota;Chordata;Actinopteri;Argentiniformes;Argentinidae;Argentina;Argentina striata,Eukaryota;Chordata;Actinopteri;Argentiniformes;Argentinidae;Argentina;Argentina striata,False,"Argentina striata Goode & Bean, 1896",99,species,gbif:5214449,Animalia,Chordata,,Osmeriformes,Argentinidae,Argentina,GBIF_EXACT,GBIF
Eukaryota;Chordata;Actinopteri;Argentiniformes;Bathylagidae,Eukaryota;Chordata;Actinopteri;Argentiniformes;Bathylagidae,True,Bathylagidae,97,family,gbif:4223,Animalia,Chordata,,Osmeriformes,Bathylagidae,,GBIF_EXACT,GBIF
Eukaryota;Chordata;Actinopteri;Ateleopodiformes;Ateleopodidae;Ijimaia,Eukaryota;Chordata;Actinopteri;Ateleopodiformes;Ateleopodidae;Ijimaia,True,Animalia,95,kingdom,gbif:1,Animalia,,,,,,GBIF_HIGHERRANK,GBIF
Eukaryota;Chordata;Actinopteri;Aulopiformes;Chlorophthalmidae;Chlorophthalmus,Eukaryota;Chordata;Actinopteri;Aulopiformes;Chlorophthalmidae;Chlorophthalmus,True,"Chlorophthalmus Bonaparte, 1840",97,genus,gbif:2401314,Animalia,Chordata,,Aulopiformes,Chlorophthalmidae,Chlorophthalmus,GBIF_EXACT,GBIF
Eukaryota;Chordata;Actinopteri;Aulopiformes;Chlorophthalmidae;Chlorophthalmus;Chlorophthalmus agassizi,Eukaryota;Chordata;Actinopteri;Aulopiformes;Chlorophthalmidae;Chlorophthalmus;Chlorophthalmus agassizi,True,"Chlorophthalmus agassizi Bonaparte, 1840",100,species,gbif:2401401,Animalia,Chordata,,Aulopiformes,Chlorophthalmidae,Chlorophthalmus,GBIF_EXACT,GBIF
Eukaryota;Chordata;Actinopteri;Aulopiformes;Chlorophthalmidae;Chlorophthalmus;Chlorophthalmus agassizi,Eukaryota;Chordata;Actinopteri;Aulopiformes;Chlorophthalmidae;Chlorophthalmus;Chlorophthalmus agassizi,False,"Chlorophthalmus agassizi Bonaparte, 1840",99,species,gbif:2401401,Animalia,Chordata,,Aulopiformes,Chlorophthalmidae,Chlorophthalmus,GBIF_EXACT,GBIF
Eukaryota;Chordata;Actinopteri;Aulopiformes;Paralepididae,Eukaryota;Chordata;Actinopteri;Aulopiformes;Paralepididae,True,Paralepididae,97,family,gbif:2964,Animalia,Chordata,,Aulopiformes,Paralepididae,,GBIF_EXACT,GBIF
Eukaryota;Chordata;Actinopteri;Aulopiformes;Paralepididae,Eukaryota;Chordata;Actinopteri;Aulopiformes;Paralepididae,False,Paralepididae,95,family,gbif:2964,Animalia,Chordata,,Aulopiformes,Paralepididae,,GBIF_HIGHERRANK,GBIF
Eukaryota;Chordata;Actinopteri;Aulopiformes;Paralepididae;Lestidiops,Eukaryota;Chordata;Actinopteri;Aulopiformes;Paralepididae;Lestidiops,True,"Lestidiops Hubbs, 1916",97,genus,gbif:2401490,Animalia,Chordata,,Aulopiformes,Paralepididae,Lestidiops,GBIF_EXACT,GBIF
Eukaryota;Chordata;Actinopteri;Aulopiformes;Paralepididae;Lestrolepis;Lestrolepis intermedia,Eukaryota;Chordata;Actinopteri;Aulopiformes;Paralepididae;Lestrolepis;Lestrolepis intermedia,True,"Lestrolepis intermedia (Poey, 1868)",100,species,gbif:2401542,Animalia,Chordata,,Aulopiformes,Paralepididae,Lestrolepis,GBIF_EXACT,GBIF
Eukaryota;Chordata;Actinopteri;Aulopiformes;Paralepididae;Lestrolepis;Lestrolepis intermedia,Eukaryota;Chordata;Actinopteri;Aulopiformes;Paralepididae;Lestrolepis;Lestrolepis intermedia,False,"Lestrolepis intermedia (Poey, 1868)",99,species,gbif:2401542,Animalia,Chordata,,Aulopiformes,Paralepididae,Lestrolepis,GBIF_EXACT,GBIF
Eukaryota;Chordata;Actinopteri;Aulopiformes;Paralepididae;Stemonosudis;Stemonosudis rothschildi,Eukaryota;Chordata;Actinopteri;Aulopiformes;Paralepididae;Stemonosudis;Stemonosudis rothschildi,True,"Stemonosudis rothschildi Richards, 1967",100,species,gbif:2401629,Animalia,Chordata,,Aulopiformes,Paralepididae,Stemonosudis,GBIF_EXACT,GBIF
Eukaryota;Chordata;Actinopteri;Aulopiformes;Paralepididae;Stemonosudis;Stemonosudis rothschildi,Eukaryota;Chordata;Actinopteri;Aulopiformes;Paralepididae;Stemonosudis;Stemonosudis rothschildi,False,"Stemonosudis rothschildi Richards, 1967",99,species,gbif:2401629,Animalia,Chordata,,Aulopiformes,Paralepididae,Stemonosudis,GBIF_EXACT,GBIF
Eukaryota;Chordata;Actinopteri;Aulopiformes;Scopelarchidae;Scopelarchus;Scopelarchus analis,Eukaryota;Chordata;Actinopteri;Aulopiformes;Scopelarchidae;Scopelarchus;Scopelarchus analis,True,"Scopelarchus analis (Brauer, 1902)",100,species,gbif:2401446,Animalia,Chordata,,Aulopiformes,Scopelarchidae,Scopelarchus,GBIF_EXACT,GBIF
Eukaryota;Chordata;Actinopteri;Aulopiformes;Synodontidae;Saurida;Saurida brasiliensis,Eukaryota;Chordata;Actinopteri;Aulopiformes;Synodontidae;Saurida;Saurida brasiliensis,True,"Saurida brasiliensis Norman, 1935",100,species,gbif:2401157,Animalia,Chordata,,Aulopiformes,Synodontidae,Saurida,GBIF_EXACT,GBIF
Eukaryota;Chordata;Actinopteri;Aulopiformes;Synodontidae;Saurida;Saurida normani,Eukaryota;Chordata;Actinopteri;Aulopiformes;Synodontidae;Saurida;Saurida normani,True,"Saurida normani Longley, 1935",100,species,gbif:2401149,Animalia,Chordata,,Aulopiformes,Synodontidae,Saurida,GBIF_EXACT,GBIF
Eukaryota;Chordata;Actinopteri;Aulopiformes;Synodontidae;Saurida;Saurida normani,Eukaryota;Chordata;Actinopteri;Aulopiformes;Synodontidae;Saurida;Saurida normani,False,"Saurida normani Longley, 1935",99,species,gbif:2401149,Animalia,Chordata,,Aulopiformes,Synodontidae,Saurida,GBIF_EXACT,GBIF
Eukaryota;Chordata;Actinopteri;Beloniformes;Exocoetidae,Eukaryota;Chordata;Actinopteri;Beloniformes;Exocoetidae,True,Exocoetidae,97,family,gbif:2968,Animalia,Chordata,,Beloniformes,Exocoetidae,,GBIF_EXACT,GBIF
Eukaryota;Chordata;Actinopteri;Beloniformes;Exocoetidae;Cheilopogon,Eukaryota;Chordata;Actinopteri;Beloniformes;Exocoetidae;Cheilopogon,True,"Cheilopogon Lowe, 1841",96,genus,gbif:2368477,Animalia,Chordata,,Beloniformes,Exocoetidae,Cheilopogon,GBIF_EXACT,GBIF
Eukaryota;Chordata;Actinopteri;Carangiformes;Carangidae,Eukaryota;Chordata;Actinopteri;Carangiformes;Carangidae,True,Carangidae,97,family,gbif:4253,Animalia,Chordata,,Perciformes,Carangidae,,GBIF_EXACT,GBIF
Eukaryota;Chordata;Actinopteri;Carangiformes;Carangidae;Caranx;Caranx crysos,Eukaryota;Chordata;Actinopteri;Carangiformes;Carangidae;Caranx;Caranx crysos,True,"Caranx crysos (Mitchill, 1815)",99,species,gbif:2390762,Animalia,Chordata,,Perciformes,Carangidae,Caranx,GBIF_EXACT,GBIF
Eukaryota;Chordata;Actinopteri;Carangiformes;Carangidae;Selar;Selar crumenophthalmus,Eukaryota;Chordata;Actinopteri;Carangiformes;Carangidae;Selar;Selar crumenophthalmus,True,"Selar crumenophthalmus (Bloch, 1793)",99,species,gbif:2391007,Animalia,Chordata,,Perciformes,Carangidae,Selar,GBIF_EXACT,GBIF
Eukaryota;Chordata;Actinopteri;Carangiformes;Carangidae;Selene;Selene setapinnis,Eukaryota;Chordata;Actinopteri;Carangiformes;Carangidae;Selene;Selene setapinnis,True,"Selene setapinnis (Mitchill, 1815)",99,species,gbif:2390733,Animalia,Chordata,,Perciformes,Carangidae,Selene,GBIF_EXACT,GBIF
Eukaryota;Chordata;Actinopteri;Carangiformes;Carangidae;Seriola,Eukaryota;Chordata;Actinopteri;Carangiformes;Carangidae;Seriola,True,Carangidae,97,family,gbif:4253,Animalia,Chordata,,Perciformes,Carangidae,,GBIF_EXACT,GBIF
Eukaryota;Chordata;Actinopteri;Carangiformes;Carangidae;Trachurus;Trachurus lathami ,Eukaryota;Chordata;Actinopteri;Carangiformes;Carangidae;Trachurus;Trachurus lathami,True,"Trachurus lathami Nichols, 1920",100,species,gbif:5210468,Animalia,Chordata,,Perciformes,Carangidae,Trachurus,GBIF_EXACT,GBIF
Eukaryota;Chordata;Actinopteri;Carangiformes;Carangidae;Trachurus;Trachurus lathami ,Eukaryota;Chordata;Actinopteri;Carangiformes;Carangidae;Trachurus;Trachurus lathami,False,"Trachurus lathami Nichols, 1920",99,species,gbif:5210468,Animalia,Chordata,,Perciformes,Carangidae,Trachurus,GBIF_EXACT,GBIF
Eukaryota;Chordata;Actinopteri;Carangiformes;Coryphaenidae;Coryphaena;Coryphaena hippurus,Eukaryota;Chordata;Actinopteri;Carangiformes;Coryphaenidae;Coryphaena;Coryphaena hippurus,True,"Coryphaena hippurus Linnaeus, 1758",99,species,gbif:2381939,Animalia,Chordata,,Perciformes,Coryphaenidae,Coryphaena,GBIF_EXACT,GBIF
Eukaryota;Chordata;Actinopteri;Carangiformes;Echeneidae;Echeneis;Echeneis naucrates,Eukaryota;Chordata;Actinopteri;Carangiformes;Echeneidae;Echeneis;Echeneis naucrates,True,"Echeneis naucrates Linnaeus, 1758",98,species,gbif:2375300,Animalia,Chordata,,Perciformes,Echeneidae,Echeneis,GBIF_EXACT,GBIF
Eukaryota;Chordata;Actinopteri;Clupeiformes;Clupeidae;Alosa,Eukaryota;Chordata;Actinopteri;Clupeiformes;Clupeidae;Alosa,True,"Alosa Linck, 1790",97,genus,gbif:2412615,Animalia,Chordata,,Clupeiformes,Clupeidae,Alosa,GBIF_EXACT,GBIF
Eukaryota;Chordata;Actinopteri;Clupeiformes;Clupeidae;Alosa;Alosa alabamae,Eukaryota;Chordata;Actinopteri;Clupeiformes;Clupeidae;Alosa;Alosa alabamae,True,"Alosa alabamae Jordan & Evermann, 1896",100,species,gbif:2412616,Animalia,Chordata,,Clupeiformes,Clupeidae,Alosa,GBIF_EXACT,GBIF
Eukaryota;Chordata;Actinopteri;Clupeiformes;Clupeidae;Alosa;Alosa alabamae,Eukaryota;Chordata;Actinopteri;Clupeiformes;Clupeidae;Alosa;Alosa alabamae,False,"Alosa alabamae Jordan & Evermann, 1896",99,species,gbif:2412616,Animalia,Chordata,,Clupeiformes,Clupeidae,Alosa,GBIF_EXACT,GBIF
Eukaryota;Chordata;Actinopteri;Clupeiformes;Clupeidae;Harengula,Eukaryota;Chordata;Actinopteri;Clupeiformes;Clupeidae;Harengula,True,"Harengula Valenciennes, 1847",97,genus,gbif:2412944,Animalia,Chordata,,Clupeiformes,Clupeidae,Harengula,GBIF_EXACT,GBIF
Eukaryota;Chordata;Actinopteri;Clupeiformes;Clupeidae;Harengula;Harengula jaguana,Eukaryota;Chordata;Actinopteri;Clupeiformes;Clupeidae;Harengula;Harengula jaguana,True,"Harengula jaguana Poey, 1865",100,species,gbif:2412960,Animalia,Chordata,,Clupeiformes,Clupeidae,Harengula,GBIF_EXACT,GBIF
Eukaryota;Chordata;Actinopteri;Clupeiformes;Clupeidae;Harengula;Harengula jaguana,Eukaryota;Chordata;Actinopteri;Clupeiformes;Clupeidae;Harengula;Harengula jaguana,False,"Harengula jaguana Poey, 1865",99,species,gbif:2412960,Animalia,Chordata,,Clupeiformes,Clupeidae,Harengula,GBIF_EXACT,GBIF
Eukaryota;Chordata;Actinopteri;Clupeiformes;Clupeidae;Opisthonema;Opisthonema oglinum,Eukaryota;Chordata;Actinopteri;Clupeiformes;Clupeidae;Opisthonema;Opisthonema oglinum,True,"Opisthonema oglinum (Lesueur, 1818)",100,species,gbif:5214551,Animalia,Chordata,,Clupeiformes,Clupeidae,Opisthonema,GBIF_EXACT,GBIF
Eukaryota;Chordata;Actinopteri;Clupeiformes;Clupeidae;Opisthonema;Opisthonema oglinum,Eukaryota;Chordata;Actinopteri;Clupeiformes;Clupeidae;Opisthonema;Opisthonema oglinum,False,"Opisthonema oglinum (Lesueur, 1818)",99,species,gbif:5214551,Animalia,Chordata,,Clupeiformes,Clupeidae,Opisthonema,GBIF_EXACT,GBIF
Eukaryota;Chordata;Actinopteri;Clupeiformes;Dussumieriidae;Etrumeus;Etrumeus teres,Eukaryota;Chordata;Actinopteri;Clupeiformes;Dussumieriidae;Etrumeus;Etrumeus teres,True,"Etrumeus teres (DeKay, 1842)",100,species,gbif:2413183,Animalia,Chordata,,Clupeiformes,Dussumieriidae,Etrumeus,GBIF_EXACT,GBIF
Eukaryota;Chordata;Actinopteri;Clupeiformes;Dussumieriidae;Etrumeus;Etrumeus teres,Eukaryota;Chordata;Actinopteri;Clupeiformes;Dussumieriidae;Etrumeus;Etrumeus teres,False,"Etrumeus teres (DeKay, 1842)",99,species,gbif:2413183,Animalia,Chordata,,Clupeiformes,Dussumieriidae,Etrumeus,GBIF_EXACT,GBIF
Eukaryota;Chordata;Actinopteri;Clupeiformes;Engraulidae;Engraulis,Eukaryota;Chordata;Actinopteri;Clupeiformes;Engraulidae;Engraulis,True,"Engraulis Cuvier, 1816",97,genus,gbif:2352080,Animalia,Chordata,,Clupeiformes,Engraulidae,Engraulis,GBIF_EXACT,GBIF
Eukaryota;Chordata;Actinopteri;Clupeiformes;Engraulidae;Engraulis;Engraulis eurystole,Eukaryota;Chordata;Actinopteri;Clupeiformes;Engraulidae;Engraulis;Engraulis eurystole,True,"Engraulis eurystole (Swain & Meek, 1884)",100,species,gbif:2414003,Animalia,Chordata,,Clupeiformes,Engraulidae,Engraulis,GBIF_EXACT,GBIF
Eukaryota;Chordata;Actinopteri;Clupeiformes;Engraulidae;Engraulis;Engraulis eurystole,Eukaryota;Chordata;Actinopteri;Clupeiformes;Engraulidae;Engraulis;Engraulis eurystole,False,"Engraulis eurystole (Swain & Meek, 1884)",99,species,gbif:2414003,Animalia,Chordata,,Clupeiformes,Engraulidae,Engraulis,GBIF_EXACT,GBIF
Eukaryota;Chordata;Actinopteri;Gadiformes;Bregmacerotidae;Bregmaceros;Bregmaceros cantori,Eukaryota;Chordata;Actinopteri;Gadiformes;Bregmacerotidae;Bregmaceros;Bregmaceros cantori,True,"Bregmaceros cantori Milliken & Houde, 1984",100,species,gbif:2417321,Animalia,Chordata,,Gadiformes,Bregmacerotidae,Bregmaceros,GBIF_EXACT,GBIF
Eukaryota;Chordata;Actinopteri;Gadiformes;Bregmacerotidae;Bregmaceros;Bregmaceros cantori,Eukaryota;Chordata;Actinopteri;Gadiformes;Bregmacerotidae;Bregmaceros;Bregmaceros cantori,False,"Bregmaceros cantori Milliken & Houde, 1984",99,species,gbif:2417321,Animalia,Chordata,,Gadiformes,Bregmacerotidae,Bregmaceros,GBIF_EXACT,GBIF
Eukaryota;Chordata;Actinopteri;Gadiformes;Macrouridae;Coelorinchus;Coelorinchus caribbaeus,Eukaryota;Chordata;Actinopteri;Gadiformes;Macrouridae;Coelorinchus;Coelorinchus caribbaeus,True,"Coelorinchus caribbaeus (Goode & Bean, 1885)",100,species,gbif:2416355,Animalia,Chordata,,Gadiformes,Macrouridae,Coelorinchus,GBIF_EXACT,GBIF
Eukaryota;Chordata;Actinopteri;Gadiformes;Macrouridae;Coelorinchus;Coelorinchus caribbaeus,Eukaryota;Chordata;Actinopteri;Gadiformes;Macrouridae;Coelorinchus;Coelorinchus caribbaeus,False,"Coelorinchus caribbaeus (Goode & Bean, 1885)",99,species,gbif:2416355,Animalia,Chordata,,Gadiformes,Macrouridae,Coelorinchus,GBIF_EXACT,GBIF
Eukaryota;Chordata;Actinopteri;Gadiformes;Merlucciidae;Merluccius,Eukaryota;Chordata;Actinopteri;Gadiformes;Merlucciidae;Merluccius,True,"Merluccius Rafinesque, 1810",97,genus,gbif:2415629,Animalia,Chordata,,Gadiformes,Merlucciidae,Merluccius,GBIF_EXACT,GBIF
Eukaryota;Chordata;Actinopteri;Gadiformes;Merlucciidae;Merluccius;Merluccius albidus,Eukaryota;Chordata;Actinopteri;Gadiformes;Merlucciidae;Merluccius;Merluccius albidus,True,"Merluccius albidus (Mitchill, 1818)",100,species,gbif:2415661,Animalia,Chordata,,Gadiformes,Merlucciidae,Merluccius,GBIF_EXACT,GBIF
Eukaryota;Chordata;Actinopteri;Gadiformes;Merlucciidae;Merluccius;Merluccius albidus,Eukaryota;Chordata;Actinopteri;Gadiformes;Merlucciidae;Merluccius;Merluccius albidus,False,"Merluccius albidus (Mitchill, 1818)",99,species,gbif:2415661,Animalia,Chordata,,Gadiformes,Merlucciidae,Merluccius,GBIF_EXACT,GBIF
Eukaryota;Chordata;Actinopteri;Gadiformes;Phycidae;Urophycis;Urophycis floridana,Eukaryota;Chordata;Actinopteri;Gadiformes;Phycidae;Urophycis;Urophycis floridana,True,"Urophycis floridana (Bean & Dresel, 1884)",100,species,gbif:2415726,Animalia,Chordata,,Gadiformes,Phycidae,Urophycis,GBIF_EXACT,GBIF
Eukaryota;Chordata;Actinopteri;Gadiformes;Phycidae;Urophycis;Urophycis floridana,Eukaryota;Chordata;Actinopteri;Gadiformes;Phycidae;Urophycis;Urophycis floridana,False,"Urophycis floridana (Bean & Dresel, 1884)",99,species,gbif:2415726,Animalia,Chordata,,Gadiformes,Phycidae,Urophycis,GBIF_EXACT,GBIF
Eukaryota;Chordata;Actinopteri;Gadiformes;Steindachneriidae;Steindachneria;Steindachneria argentea,Eukaryota;Chordata;Actinopteri;Gadiformes;Steindachneriidae;Steindachneria;Steindachneria argentea,True,"Steindachneria argentea Goode & Bean, 1896",100,species,gbif:2415690,Animalia,Chordata,,Gadiformes,Merlucciidae,Steindachneria,GBIF_EXACT,GBIF
Eukaryota;Chordata;Actinopteri;Gobiiformes;Gobiidae,Eukaryota;Chordata;Actinopteri;Gobiiformes;Gobiidae,True,Gobiidae,97,family,gbif:4274,Animalia,Chordata,,Perciformes,Gobiidae,,GBIF_EXACT,GBIF
Eukaryota;Chordata;Actinopteri;Gobiiformes;Gobiidae,Eukaryota;Chordata;Actinopteri;Gobiiformes;Gobiidae,False,Gobiidae,95,family,gbif:4274,Animalia,Chordata,,Perciformes,Gobiidae,,GBIF_HIGHERRANK,GBIF
Eukaryota;Chordata;Actinopteri;Gobiiformes;Gobiidae;Bollmannia;Bollmannia communis,Eukaryota;Chordata;Actinopteri;Gobiiformes;Gobiidae;Bollmannia;Bollmannia communis,True,"Bollmannia communis Ginsburg, 1942",100,species,gbif:2377502,Animalia,Chordata,,Perciformes,Gobiidae,Bollmannia,GBIF_EXACT,GBIF
Eukaryota;Chordata;Actinopteri;Gobiiformes;Gobiidae;Bollmannia;Bollmannia communis,Eukaryota;Chordata;Actinopteri;Gobiiformes;Gobiidae;Bollmannia;Bollmannia communis,False,"Bollmannia communis Ginsburg, 1942",99,species,gbif:2377502,Animalia,Chordata,,Perciformes,Gobiidae,Bollmannia,GBIF_EXACT,GBIF
Eukaryota;Chordata;Actinopteri;Gobiiformes;Gobiidae;Glossogobius;Glossogobius giuris,Eukaryota;Chordata;Actinopteri;Gobiiformes;Gobiidae;Glossogobius;Glossogobius giuris,True,"Glossogobius giuris (Hamilton, 1822)",100,species,gbif:2378087,Animalia,Chordata,,Perciformes,Gobiidae,Glossogobius,GBIF_EXACT,GBIF
Eukaryota;Chordata;Actinopteri;Gobiiformes;Gobiidae;Glossogobius;Glossogobius giuris,Eukaryota;Chordata;Actinopteri;Gobiiformes;Gobiidae;Glossogobius;Glossogobius giuris,False,"Glossogobius giuris (Hamilton, 1822)",99,species,gbif:2378087,Animalia,Chordata,,Perciformes,Gobiidae,Glossogobius,GBIF_EXACT,GBIF
Eukaryota;Chordata;Actinopteri;Istiophoriformes;Xiphiidae;Xiphias;Xiphias gladius,Eukaryota;Chordata;Actinopteri;Istiophoriformes;Xiphiidae;Xiphias;Xiphias gladius,True,"Xiphias gladius Linnaeus, 1758",100,species,gbif:2397850,Animalia,Chordata,,Perciformes,Xiphiidae,Xiphias,GBIF_EXACT,GBIF
Eukaryota;Chordata;Actinopteri;Istiophoriformes;Xiphiidae;Xiphias;Xiphias gladius,Eukaryota;Chordata;Actinopteri;Istiophoriformes;Xiphiidae;Xiphias;Xiphias gladius,False,"Xiphias gladius Linnaeus, 1758",99,species,gbif:2397850,Animalia,Chordata,,Perciformes,Xiphiidae,Xiphias,GBIF_EXACT,GBIF
Eukaryota;Chordata;Actinopteri;Labriformes;Labridae;Xyrichtys;Xyrichtys novacula,Eukaryota;Chordata;Actinopteri;Labriformes;Labridae;Xyrichtys;Xyrichtys novacula,True,"Xyrichtys novacula (Linnaeus, 1758)",100,species,gbif:2383057,Animalia,Chordata,,Perciformes,Labridae,Xyrichtys,GBIF_EXACT,GBIF
Eukaryota;Chordata;Actinopteri;Labriformes;Labridae;Xyrichtys;Xyrichtys novacula,Eukaryota;Chordata;Actinopteri;Labriformes;Labridae;Xyrichtys;Xyrichtys novacula,False,"Xyrichtys novacula (Linnaeus, 1758)",99,species,gbif:2383057,Animalia,Chordata,,Perciformes,Labridae,Xyrichtys,GBIF_EXACT,GBIF
Eukaryota;Chordata;Actinopteri;Lampriformes;Trachipteridae;Zu;Zu cristatus,Eukaryota;Chordata;Actinopteri;Lampriformes;Trachipteridae;Zu;Zu cristatus,True,"Zu cristatus (Bonelli, 1819)",100,species,gbif:2400533,Animalia,Chordata,,Lampriformes,Trachipteridae,Zu,GBIF_EXACT,GBIF
Eukaryota;Chordata;Actinopteri;Lophiiformes;Ogcocephalidae;Zalieutes;Zalieutes mcgintyi,Eukaryota;Chordata;Actinopteri;Lophiiformes;Ogcocephalidae;Zalieutes;Zalieutes mcgintyi,True,"Zalieutes mcgintyi (Fowler, 1952)",100,species,gbif:2414861,Animalia,Chordata,,Lophiiformes,Ogcocephalidae,Zalieutes,GBIF_EXACT,GBIF
Eukaryota;Chordata;Actinopteri;Lophiiformes;Ogcocephalidae;Zalieutes;Zalieutes mcgintyi,Eukaryota;Chordata;Actinopteri;Lophiiformes;Ogcocephalidae;Zalieutes;Zalieutes mcgintyi,False,"Zalieutes mcgintyi (Fowler, 1952)",99,species,gbif:2414861,Animalia,Chordata,,Lophiiformes,Ogcocephalidae,Zalieutes,GBIF_EXACT,GBIF
Eukaryota;Chordata;Actinopteri;Lutjaniformes;Lutjanidae;Lutjanus;Lutjanus campechanus,Eukaryota;Chordata;Actinopteri;Lutjaniformes;Lutjanidae;Lutjanus;Lutjanus campechanus,True,"Lutjanus campechanus (Poey, 1860)",100,species,gbif:2384865,Animalia,Chordata,,Perciformes,Lutjanidae,Lutjanus,GBIF_EXACT,GBIF
Eukaryota;Chordata;Actinopteri;Lutjaniformes;Lutjanidae;Lutjanus;Lutjanus campechanus,Eukaryota;Chordata;Actinopteri;Lutjaniformes;Lutjanidae;Lutjanus;Lutjanus campechanus,False,"Lutjanus campechanus (Poey, 1860)",99,species,gbif:2384865,Animalia,Chordata,,Perciformes,Lutjanidae,Lutjanus,GBIF_EXACT,GBIF
Eukaryota;Chordata;Actinopteri;Lutjaniformes;Lutjanidae;Pristipomoides,Eukaryota;Chordata;Actinopteri;Lutjaniformes;Lutjanidae;Pristipomoides,True,"Pristipomoides Bleeker, 1852",97,genus,gbif:2374812,Animalia,Chordata,,Perciformes,Lutjanidae,Pristipomoides,GBIF_EXACT,GBIF
Eukaryota;Chordata;Actinopteri;Lutjaniformes;Lutjanidae;Pristipomoides;Pristipomoides aquilonaris,Eukaryota;Chordata;Actinopteri;Lutjaniformes;Lutjanidae;Pristipomoides;Pristipomoides aquilonaris,True,"Pristipomoides aquilonaris (Goode & Bean, 1896)",100,species,gbif:2385178,Animalia,Chordata,,Perciformes,Lutjanidae,Pristipomoides,GBIF_EXACT,GBIF
Eukaryota;Chordata;Actinopteri;Lutjaniformes;Lutjanidae;Pristipomoides;Pristipomoides aquilonaris,Eukaryota;Chordata;Actinopteri;Lutjaniformes;Lutjanidae;Pristipomoides;Pristipomoides aquilonaris,False,"Pristipomoides aquilonaris (Goode & Bean, 1896)",99,species,gbif:2385178,Animalia,Chordata,,Perciformes,Lutjanidae,Pristipomoides,GBIF_EXACT,GBIF
Eukaryota;Chordata;Actinopteri;Myctophiformes;Myctophidae;Centrobranchus;Centrobranchus nigroocellatus,Eukaryota;Chordata;Actinopteri;Myctophiformes;Myctophidae;Centrobranchus;Centrobranchus nigroocellatus,True,"Centrobranchus nigroocellatus (Günther, 1873)",100,species,gbif:2405822,Animalia,Chordata,,Myctophiformes,Myctophidae,Centrobranchus,GBIF_EXACT,GBIF
Eukaryota;Chordata;Actinopteri;Myctophiformes;Myctophidae;Centrobranchus;Centrobranchus nigroocellatus,Eukaryota;Chordata;Actinopteri;Myctophiformes;Myctophidae;Centrobranchus;Centrobranchus nigroocellatus,False,"Centrobranchus nigroocellatus (Günther, 1873)",99,species,gbif:2405822,Animalia,Chordata,,Myctophiformes,Myctophidae,Centrobranchus,GBIF_EXACT,GBIF
Eukaryota;Chordata;Actinopteri;Myctophiformes;Myctophidae;Dasyscopelus;Dasyscopelus obtusirostris,Eukaryota;Chordata;Actinopteri;Myctophiformes;Myctophidae;Dasyscopelus;Dasyscopelus obtusirostris,True,"Dasyscopelus obtusirostris (Tåning, 1928)",99,species,gbif:11174747,Animalia,Chordata,,Myctophiformes,Myctophidae,Myctophum,GBIF_EXACT,GBIF
Eukaryota;Chordata;Actinopteri;Myctophiformes;Myctophidae;Diaphus,Eukaryota;Chordata;Actinopteri;Myctophiformes;Myctophidae;Diaphus,True,"Diaphus Eigenmann & Eigenmann, 1890",97,genus,gbif:2406168,Animalia,Chordata,,Myctophiformes,Myctophidae,Diaphus,GBIF_EXACT,GBIF
Eukaryota;Chordata;Actinopteri;Myctophiformes;Myctophidae;Diaphus;Diaphus dumerilii,Eukaryota;Chordata;Actinopteri;Myctophiformes;Myctophidae;Diaphus;Diaphus dumerilii,True,"Diaphus dumerilii (Bleeker, 1856)",99,species,gbif:2406248,Animalia,Chordata,,Myctophiformes,Myctophidae,Diaphus,GBIF_EXACT,GBIF
Eukaryota;Chordata;Actinopteri;Myctophiformes;Myctophidae;Diaphus;Diaphus splendidus,Eukaryota;Chordata;Actinopteri;Myctophiformes;Myctophidae;Diaphus;Diaphus splendidus,True,"Diaphus splendidus (Brauer, 1904)",100,species,gbif:2406262,Animalia,Chordata,,Myctophiformes,Myctophidae,Diaphus,GBIF_EXACT,GBIF
Eukaryota;Chordata;Actinopteri;Myctophiformes;Myctophidae;Diaphus;Diaphus splendidus,Eukaryota;Chordata;Actinopteri;Myctophiformes;Myctophidae;Diaphus;Diaphus splendidus,True,"Diaphus splendidus (Prochazka, 1893)",100,species,gbif:11406477,Animalia,Chordata,,Myctophiformes,Myctophidae,Diaphus,GBIF_EXACT,GBIF
Eukaryota;Chordata;Actinopteri;Myctophiformes;Myctophidae;Diogenichthys;Diogenichthys atlanticus,Eukaryota;Chordata;Actinopteri;Myctophiformes;Myctophidae;Diogenichthys;Diogenichthys atlanticus,False,"Diogenichthys atlanticus (Tåning, 1928)",100,species,gbif:2406022,Animalia,Chordata,,Myctophiformes,Myctophidae,Diogenichthys,GBIF_EXACT,GBIF
Eukaryota;Chordata;Actinopteri;Myctophiformes;Myctophidae;Diogenichthys;Diogenichthys atlanticus,Eukaryota;Chordata;Actinopteri;Myctophiformes;Myctophidae;Diogenichthys;Diogenichthys atlanticus,True,"Diogenichthys atlanticus (Tåning, 1928)",99,species,gbif:2406022,Animalia,Chordata,,Myctophiformes,Myctophidae,Diogenichthys,GBIF_EXACT,GBIF
Eukaryota;Chordata;Actinopteri;Myctophiformes;Myctophidae;Hygophum,Eukaryota;Chordata;Actinopteri;Myctophiformes;Myctophidae;Hygophum,True,"Hygophum Bolin, 1939",96,genus,gbif:5213287,Animalia,Chordata,,Myctophiformes,Myctophidae,Hygophum,GBIF_EXACT,GBIF
Eukaryota;Chordata;Actinopteri;Myctophiformes;Myctophidae;Lampanyctus,Eukaryota;Chordata;Actinopteri;Myctophiformes;Myctophidae;Lampanyctus,True,"Lampanyctus Bonaparte, 1840",97,genus,gbif:2405956,Animalia,Chordata,,Myctophiformes,Myctophidae,Lampanyctus,GBIF_EXACT,GBIF
Eukaryota;Chordata;Actinopteri;Myctophiformes;Myctophidae;Lepidophanes;Lepidophanes guentheri,Eukaryota;Chordata;Actinopteri;Myctophiformes;Myctophidae;Lepidophanes;Lepidophanes guentheri,False,"Lepidophanes guentheri (Goode & Bean, 1896)",100,species,gbif:2405710,Animalia,Chordata,,Myctophiformes,Myctophidae,Lepidophanes,GBIF_EXACT,GBIF
Eukaryota;Chordata;Actinopteri;Myctophiformes;Myctophidae;Lepidophanes;Lepidophanes guentheri,Eukaryota;Chordata;Actinopteri;Myctophiformes;Myctophidae;Lepidophanes;Lepidophanes guentheri,True,"Lepidophanes guentheri (Goode & Bean, 1896)",99,species,gbif:2405710,Animalia,Chordata,,Myctophiformes,Myctophidae,Lepidophanes,GBIF_EXACT,GBIF
Eukaryota;Chordata;Actinopteri;Myctophiformes;Myctophidae;Myctophum,Eukaryota;Chordata;Actinopteri;Myctophiformes;Myctophidae;Myctophum,True,"Myctophum Rafinesque, 1810",97,genus,gbif:2405851,Animalia,Chordata,,Myctophiformes,Myctophidae,Myctophum,GBIF_EXACT,GBIF
Eukaryota;Chordata;Actinopteri;Myctophiformes;Myctophidae;Myctophum;Myctophum affine,Eukaryota;Chordata;Actinopteri;Myctophiformes;Myctophidae;Myctophum;Myctophum affine,False,"Myctophum affine (Lütken, 1892)",100,species,gbif:2405853,Animalia,Chordata,,Myctophiformes,Myctophidae,Myctophum,GBIF_EXACT,GBIF
Eukaryota;Chordata;Actinopteri;Myctophiformes;Myctophidae;Myctophum;Myctophum affine,Eukaryota;Chordata;Actinopteri;Myctophiformes;Myctophidae;Myctophum;Myctophum affine,True,"Myctophum affine (Lütken, 1892)",99,species,gbif:2405853,Animalia,Chordata,,Myctophiformes,Myctophidae,Myctophum,GBIF_EXACT,GBIF
Eukaryota;Chordata;Actinopteri;Myctophiformes;Myctophidae;Notolychnus;Notolychnus valdiviae,Eukaryota;Chordata;Actinopteri;Myctophiformes;Myctophidae;Notolychnus;Notolychnus valdiviae,True,"Notolychnus valdiviae (Brauer, 1904)",100,species,gbif:2405778,Animalia,Chordata,,Myctophiformes,Myctophidae,Notolychnus,GBIF_EXACT,GBIF
Eukaryota;Chordata;Actinopteri;NA;Malacanthidae;Lopholatilus;Lopholatilus chamaeleonticeps,Eukaryota;Chordata;Actinopteri;NA;Malacanthidae;Lopholatilus;Lopholatilus chamaeleonticeps,False,"Lopholatilus chamaeleonticeps Goode & Bean, 1879",100,species,gbif:2389833,Animalia,Chordata,,Perciformes,Malacanthidae,Lopholatilus,GBIF_EXACT,GBIF
Eukaryota;Chordata;Actinopteri;NA;Malacanthidae;Lopholatilus;Lopholatilus chamaeleonticeps,Eukaryota;Chordata;Actinopteri;NA;Malacanthidae;Lopholatilus;Lopholatilus chamaeleonticeps,True,"Lopholatilus chamaeleonticeps Goode & Bean, 1879",99,species,gbif:2389833,Animalia,Chordata,,Perciformes,Malacanthidae,Lopholatilus,GBIF_EXACT,GBIF
Eukaryota;Chordata;Actinopteri;Ophidiiformes;Carapidae;Carapus;Carapus bermudensis,Eukaryota;Chordata;Actinopteri;Ophidiiformes;Carapidae;Carapus;Carapus bermudensis,True,"Carapus bermudensis (Jones, 1874)",100,species,gbif:5203082,Animalia,Chordata,,Ophidiiformes,Carapidae,Carapus,GBIF_EXACT,GBIF
Eukaryota;Chordata;Actinopteri;Ophidiiformes;Ophidiidae,Eukaryota;Chordata;Actinopteri;Ophidiiformes;Ophidiidae,True,Ophidiidae,97,family,gbif:8476,Animalia,Chordata,,Ophidiiformes,Ophidiidae,,GBIF_EXACT,GBIF
Eukaryota;Chordata;Actinopteri;Ophidiiformes;Ophidiidae;Benthocometes;Benthocometes robustus,Eukaryota;Chordata;Actinopteri;Ophidiiformes;Ophidiidae;Benthocometes;Benthocometes robustus,False,"Benthocometes robustus (Goode & Bean, 1886)",100,species,gbif:2346002,Animalia,Chordata,,Ophidiiformes,Ophidiidae,Benthocometes,GBIF_EXACT,GBIF
Eukaryota;Chordata;Actinopteri;Ophidiiformes;Ophidiidae;Benthocometes;Benthocometes robustus,Eukaryota;Chordata;Actinopteri;Ophidiiformes;Ophidiidae;Benthocometes;Benthocometes robustus,True,"Benthocometes robustus (Goode & Bean, 1886)",99,species,gbif:2346002,Animalia,Chordata,,Ophidiiformes,Ophidiidae,Benthocometes,GBIF_EXACT,GBIF
Eukaryota;Chordata;Actinopteri;Ophidiiformes;Ophidiidae;Raneya,Eukaryota;Chordata;Actinopteri;Ophidiiformes;Ophidiidae;Raneya,True,"Raneya Robins, 1961",97,genus,gbif:2345622,Animalia,Chordata,,Ophidiiformes,Ophidiidae,Raneya,GBIF_EXACT,GBIF
Eukaryota;Chordata;Actinopteri;Perciformes;Bembropidae;Bembrops;Bembrops anatirostris,Eukaryota;Chordata;Actinopteri;Perciformes;Bembropidae;Bembrops;Bembrops anatirostris,False,"Bembrops anatirostris Ginsburg, 1955",100,species,gbif:2389185,Animalia,Chordata,,Perciformes,Percophidae,Bembrops,GBIF_EXACT,GBIF
Eukaryota;Chordata;Actinopteri;Perciformes;Bembropidae;Bembrops;Bembrops anatirostris,Eukaryota;Chordata;Actinopteri;Perciformes;Bembropidae;Bembrops;Bembrops anatirostris,True,"Bembrops anatirostris Ginsburg, 1955",99,species,gbif:2389185,Animalia,Chordata,,Perciformes,Percophidae,Bembrops,GBIF_EXACT,GBIF
Eukaryota;Chordata;Actinopteri;Perciformes;Peristediidae;Peristedion,Eukaryota;Chordata;Actinopteri;Perciformes;Peristediidae;Peristedion,True,"Peristedion Lacepède, 1801",97,genus,gbif:2334959,Animalia,Chordata,,Scorpaeniformes,Peristediidae,Peristedion,GBIF_EXACT,GBIF
Eukaryota;Chordata;Actinopteri;Perciformes;Peristediidae;Peristedion;Peristedion miniatum,Eukaryota;Chordata;Actinopteri;Perciformes;Peristediidae;Peristedion;Peristedion miniatum,False,"Peristedion miniatum Goode, 1880",100,species,gbif:2335006,Animalia,Chordata,,Scorpaeniformes,Peristediidae,Peristedion,GBIF_EXACT,GBIF
Eukaryota;Chordata;Actinopteri;Perciformes;Peristediidae;Peristedion;Peristedion miniatum,Eukaryota;Chordata;Actinopteri;Perciformes;Peristediidae;Peristedion;Peristedion miniatum,True,"Peristedion miniatum Goode, 1880",99,species,gbif:2335006,Animalia,Chordata,,Scorpaeniformes,Peristediidae,Peristedion,GBIF_EXACT,GBIF
Eukaryota;Chordata;Actinopteri;Perciformes;Scorpaenidae;Pontinus,Eukaryota;Chordata;Actinopteri;Perciformes;Scorpaenidae;Pontinus,True,"Pontinus Poey, 1860",97,genus,gbif:2334672,Animalia,Chordata,,Scorpaeniformes,Scorpaenidae,Pontinus,GBIF_EXACT,GBIF
Eukaryota;Chordata;Actinopteri;Perciformes;Scorpaenidae;Pontinus;Pontinus longispinis,Eukaryota;Chordata;Actinopteri;Perciformes;Scorpaenidae;Pontinus;Pontinus longispinis,False,"Pontinus longispinis Goode & Bean, 1896",100,species,gbif:2334682,Animalia,Chordata,,Scorpaeniformes,Scorpaenidae,Pontinus,GBIF_EXACT,GBIF
Eukaryota;Chordata;Actinopteri;Perciformes;Scorpaenidae;Pontinus;Pontinus longispinis,Eukaryota;Chordata;Actinopteri;Perciformes;Scorpaenidae;Pontinus;Pontinus longispinis,True,"Pontinus longispinis Goode & Bean, 1896",99,species,gbif:2334682,Animalia,Chordata,,Scorpaeniformes,Scorpaenidae,Pontinus,GBIF_EXACT,GBIF
Eukaryota;Chordata;Actinopteri;Perciformes;Scorpaenidae;Scorpaena;Scorpaena agassizii,Eukaryota;Chordata;Actinopteri;Perciformes;Scorpaenidae;Scorpaena;Scorpaena agassizii,True,"Scorpaena agassizii Goode & Bean, 1896",100,species,gbif:2334589,Animalia,Chordata,,Scorpaeniformes,Scorpaenidae,Scorpaena,GBIF_EXACT,GBIF
Eukaryota;Chordata;Actinopteri;Perciformes;Serranidae;Baldwinella;Baldwinella aureorubens,Eukaryota;Chordata;Actinopteri;Perciformes;Serranidae;Baldwinella;Baldwinella aureorubens,True,"Baldwinella aureorubens (Longley, 1935)",99,species,gbif:8349610,Animalia,Chordata,,Perciformes,Serranidae,Baldwinella,GBIF_EXACT,GBIF
Eukaryota;Chordata;Actinopteri;Perciformes;Serranidae;Bathyanthias;Bathyanthias cubensis,Eukaryota;Chordata;Actinopteri;Perciformes;Serranidae;Bathyanthias;Bathyanthias cubensis,False,"Bathyanthias cubensis (Schultz, 1958)",100,species,gbif:2387518,Animalia,Chordata,,Perciformes,Serranidae,Bathyanthias,GBIF_EXACT,GBIF
Eukaryota;Chordata;Actinopteri;Perciformes;Serranidae;Bathyanthias;Bathyanthias cubensis,Eukaryota;Chordata;Actinopteri;Perciformes;Serranidae;Bathyanthias;Bathyanthias cubensis,True,"Bathyanthias cubensis (Schultz, 1958)",99,species,gbif:2387518,Animalia,Chordata,,Perciformes,Serranidae,Bathyanthias,GBIF_EXACT,GBIF
Eukaryota;Chordata;Actinopteri;Perciformes;Serranidae;Epinephelus;Epinephelus flavolimbatus,Eukaryota;Chordata;Actinopteri;Perciformes;Serranidae;Epinephelus;Epinephelus flavolimbatus,True,"Epinephelus flavolimbatus Poey, 1865",100,species,gbif:2388334,Animalia,Chordata,,Perciformes,Serranidae,Hyporthodus,GBIF_EXACT,GBIF
Eukaryota;Chordata;Actinopteri;Perciformes;Serranidae;Hemanthias;Hemanthias leptus,Eukaryota;Chordata;Actinopteri;Perciformes;Serranidae;Hemanthias;Hemanthias leptus,False,"Hemanthias leptus (Ginsburg, 1952)",100,species,gbif:2387438,Animalia,Chordata,,Perciformes,Serranidae,Hemanthias,GBIF_EXACT,GBIF
Eukaryota;Chordata;Actinopteri;Perciformes;Serranidae;Hemanthias;Hemanthias leptus,Eukaryota;Chordata;Actinopteri;Perciformes;Serranidae;Hemanthias;Hemanthias leptus,True,"Hemanthias leptus (Ginsburg, 1952)",99,species,gbif:2387438,Animalia,Chordata,,Perciformes,Serranidae,Hemanthias,GBIF_EXACT,GBIF
Eukaryota;Chordata;Actinopteri;Perciformes;Serranidae;Serranus,Eukaryota;Chordata;Actinopteri;Perciformes;Serranidae;Serranus,True,"Serranus Cuvier, 1816",97,genus,gbif:9373339,Animalia,Chordata,,Perciformes,Serranidae,Serranus,GBIF_EXACT,GBIF
Eukaryota;Chordata;Actinopteri;Perciformes;Serranidae;Serranus;Serranus atrobranchus,Eukaryota;Chordata;Actinopteri;Perciformes;Serranidae;Serranus;Serranus atrobranchus,False,"Serranus atrobranchus (Cuvier, 1829)",100,species,gbif:2388751,Animalia,Chordata,,Perciformes,Serranidae,Serranus,GBIF_EXACT,GBIF
Eukaryota;Chordata;Actinopteri;Perciformes;Serranidae;Serranus;Serranus atrobranchus,Eukaryota;Chordata;Actinopteri;Perciformes;Serranidae;Serranus;Serranus atrobranchus,True,"Serranus atrobranchus (Cuvier, 1829)",99,species,gbif:2388751,Animalia,Chordata,,Perciformes,Serranidae,Serranus,GBIF_EXACT,GBIF
Eukaryota;Chordata;Actinopteri;Perciformes;Triglidae;Prionotus;Prionotus stearnsi,Eukaryota;Chordata;Actinopteri;Perciformes;Triglidae;Prionotus;Prionotus stearnsi,False,"Prionotus stearnsi Jordan & Swain, 1885",100,species,gbif:5201569,Animalia,Chordata,,Scorpaeniformes,Triglidae,Prionotus,GBIF_EXACT,GBIF
Eukaryota;Chordata;Actinopteri;Perciformes;Triglidae;Prionotus;Prionotus stearnsi,Eukaryota;Chordata;Actinopteri;Perciformes;Triglidae;Prionotus;Prionotus stearnsi,True,"Prionotus stearnsi Jordan & Swain, 1885",99,species,gbif:5201569,Animalia,Chordata,,Scorpaeniformes,Triglidae,Prionotus,GBIF_EXACT,GBIF
Eukaryota;Chordata;Actinopteri;Pleuronectiformes;Bothidae;Trichopsetta;Trichopsetta ventralis,Eukaryota;Chordata;Actinopteri;Pleuronectiformes;Bothidae;Trichopsetta;Trichopsetta ventralis,False,"Trichopsetta ventralis (Goode & Bean, 1885)",100,species,gbif:2408376,Animalia,Chordata,,Pleuronectiformes,Bothidae,Trichopsetta,GBIF_EXACT,GBIF
Eukaryota;Chordata;Actinopteri;Pleuronectiformes;Bothidae;Trichopsetta;Trichopsetta ventralis,Eukaryota;Chordata;Actinopteri;Pleuronectiformes;Bothidae;Trichopsetta;Trichopsetta ventralis,True,"Trichopsetta ventralis (Goode & Bean, 1885)",99,species,gbif:2408376,Animalia,Chordata,,Pleuronectiformes,Bothidae,Trichopsetta,GBIF_EXACT,GBIF
Eukaryota;Chordata;Actinopteri;Pleuronectiformes;Cyclopsettidae;Citharichthys;Citharichthys cornutus,Eukaryota;Chordata;Actinopteri;Pleuronectiformes;Cyclopsettidae;Citharichthys;Citharichthys cornutus,False,"Citharichthys cornutus (Günther, 1880)",100,species,gbif:2408713,Animalia,Chordata,,Pleuronectiformes,Paralichthyidae,Citharichthys,GBIF_EXACT,GBIF
Eukaryota;Chordata;Actinopteri;Pleuronectiformes;Cyclopsettidae;Citharichthys;Citharichthys cornutus,Eukaryota;Chordata;Actinopteri;Pleuronectiformes;Cyclopsettidae;Citharichthys;Citharichthys cornutus,True,"Citharichthys cornutus (Günther, 1880)",99,species,gbif:2408713,Animalia,Chordata,,Pleuronectiformes,Paralichthyidae,Citharichthys,GBIF_EXACT,GBIF
Eukaryota;Chordata;Actinopteri;Pleuronectiformes;Cyclopsettidae;Syacium;Syacium papillosum,Eukaryota;Chordata;Actinopteri;Pleuronectiformes;Cyclopsettidae;Syacium;Syacium papillosum,False,"Syacium papillosum (Linnaeus, 1758)",100,species,gbif:2408759,Animalia,Chordata,,Pleuronectiformes,Paralichthyidae,Syacium,GBIF_EXACT,GBIF
Eukaryota;Chordata;Actinopteri;Pleuronectiformes;Cyclopsettidae;Syacium;Syacium papillosum,Eukaryota;Chordata;Actinopteri;Pleuronectiformes;Cyclopsettidae;Syacium;Syacium papillosum,True,"Syacium papillosum (Linnaeus, 1758)",99,species,gbif:2408759,Animalia,Chordata,,Pleuronectiformes,Paralichthyidae,Syacium,GBIF_EXACT,GBIF
Eukaryota;Chordata;Actinopteri;Pleuronectiformes;Paralichthyidae;Hippoglossina;Hippoglossina oblonga,Eukaryota;Chordata;Actinopteri;Pleuronectiformes;Paralichthyidae;Hippoglossina;Hippoglossina oblonga,False,"Hippoglossina oblonga (Mitchill, 1815)",100,species,gbif:2408805,Animalia,Chordata,,Pleuronectiformes,Paralichthyidae,Hippoglossina,GBIF_EXACT,GBIF
Eukaryota;Chordata;Actinopteri;Pleuronectiformes;Paralichthyidae;Hippoglossina;Hippoglossina oblonga,Eukaryota;Chordata;Actinopteri;Pleuronectiformes;Paralichthyidae;Hippoglossina;Hippoglossina oblonga,True,"Hippoglossina oblonga (Mitchill, 1815)",99,species,gbif:2408805,Animalia,Chordata,,Pleuronectiformes,Paralichthyidae,Hippoglossina,GBIF_EXACT,GBIF
Eukaryota;Chordata;Actinopteri;Pleuronectiformes;Paralichthyidae;Paralichthys;Paralichthys squamilentus,Eukaryota;Chordata;Actinopteri;Pleuronectiformes;Paralichthyidae;Paralichthys;Paralichthys squamilentus,False,"Paralichthys squamilentus Jordan & Gilbert, 1882",100,species,gbif:2408871,Animalia,Chordata,,Pleuronectiformes,Paralichthyidae,Paralichthys,GBIF_EXACT,GBIF
Eukaryota;Chordata;Actinopteri;Pleuronectiformes;Paralichthyidae;Paralichthys;Paralichthys squamilentus,Eukaryota;Chordata;Actinopteri;Pleuronectiformes;Paralichthyidae;Paralichthys;Paralichthys squamilentus,True,"Paralichthys squamilentus Jordan & Gilbert, 1882",99,species,gbif:2408871,Animalia,Chordata,,Pleuronectiformes,Paralichthyidae,Paralichthys,GBIF_EXACT,GBIF
Eukaryota;Chordata;Actinopteri;Polymixiiformes;Polymixiidae;Polymixia,Eukaryota;Chordata;Actinopteri;Polymixiiformes;Polymixiidae;Polymixia,True,"Polymixia Lowe, 1836",97,genus,gbif:2410394,Animalia,Chordata,,Polymixiiformes,Polymixiidae,Polymixia,GBIF_EXACT,GBIF
Eukaryota;Chordata;Actinopteri;Polymixiiformes;Polymixiidae;Polymixia;Polymixia lowei,Eukaryota;Chordata;Actinopteri;Polymixiiformes;Polymixiidae;Polymixia;Polymixia lowei,False,"Polymixia lowei Günther, 1859",100,species,gbif:2410398,Animalia,Chordata,,Polymixiiformes,Polymixiidae,Polymixia,GBIF_EXACT,GBIF
Eukaryota;Chordata;Actinopteri;Polymixiiformes;Polymixiidae;Polymixia;Polymixia lowei,Eukaryota;Chordata;Actinopteri;Polymixiiformes;Polymixiidae;Polymixia;Polymixia lowei,True,"Polymixia lowei Günther, 1859",99,species,gbif:2410398,Animalia,Chordata,,Polymixiiformes,Polymixiidae,Polymixia,GBIF_EXACT,GBIF
Eukaryota;Chordata;Actinopteri;Scombriformes,Eukaryota;Chordata;Actinopteri;Scombriformes,True,Chordata,97,phylum,gbif:44,Animalia,Chordata,,,,,GBIF_EXACT,GBIF
Eukaryota;Chordata;Actinopteri;Scombriformes;Ariommatidae;Ariomma,Eukaryota;Chordata;Actinopteri;Scombriformes;Ariommatidae;Ariomma,True,"Ariomma Jordan & Snyder, 1904",97,genus,gbif:2399401,Animalia,Chordata,,Perciformes,Ariommatidae,Ariomma,GBIF_EXACT,GBIF
Eukaryota;Chordata;Actinopteri;Scombriformes;Ariommatidae;Ariomma;Ariomma bondi,Eukaryota;Chordata;Actinopteri;Scombriformes;Ariommatidae;Ariomma;Ariomma bondi,False,"Ariomma bondi Fowler, 1930",100,species,gbif:2399410,Animalia,Chordata,,Perciformes,Ariommatidae,Ariomma,GBIF_EXACT,GBIF
Eukaryota;Chordata;Actinopteri;Scombriformes;Ariommatidae;Ariomma;Ariomma bondi,Eukaryota;Chordata;Actinopteri;Scombriformes;Ariommatidae;Ariomma;Ariomma bondi,True,"Ariomma bondi Fowler, 1930",99,species,gbif:2399410,Animalia,Chordata,,Perciformes,Ariommatidae,Ariomma,GBIF_EXACT,GBIF
Eukaryota;Chordata;Actinopteri;Scombriformes;Bramidae;Brama,Eukaryota;Chordata;Actinopteri;Scombriformes;Bramidae;Brama,True,"Brama Bloch & Schneider, 1801",95,genus,gbif:5208069,Animalia,Chordata,,Perciformes,Bramidae,Brama,GBIF_EXACT,GBIF
Eukaryota;Chordata;Actinopteri;Scombriformes;Bramidae;Pterycombus,Eukaryota;Chordata;Actinopteri;Scombriformes;Bramidae;Pterycombus,True,Pterycombus,96,genus,gbif:2369577,Animalia,Chordata,,Perciformes,Bramidae,Pterycombus,GBIF_EXACT,GBIF
Eukaryota;Chordata;Actinopteri;Scombriformes;Bramidae;Pterycombus;Pterycombus brama,Eukaryota;Chordata;Actinopteri;Scombriformes;Bramidae;Pterycombus;Pterycombus brama,False,"Pterycombus brama Fries, 1837",100,species,gbif:2369583,Animalia,Chordata,,Perciformes,Bramidae,Pterycombus,GBIF_EXACT,GBIF
Eukaryota;Chordata;Actinopteri;Scombriformes;Bramidae;Pterycombus;Pterycombus brama,Eukaryota;Chordata;Actinopteri;Scombriformes;Bramidae;Pterycombus;Pterycombus brama,True,"Pterycombus brama Fries, 1837",99,species,gbif:2369583,Animalia,Chordata,,Perciformes,Bramidae,Pterycombus,GBIF_EXACT,GBIF
Eukaryota;Chordata;Actinopteri;Scombriformes;Bramidae;Taractichthys;Taractichthys steindachneri,Eukaryota;Chordata;Actinopteri;Scombriformes;Bramidae;Taractichthys;Taractichthys steindachneri,False,"Taractichthys steindachneri (Döderlein, 1883)",100,species,gbif:2369561,Animalia,Chordata,,Perciformes,Bramidae,Taractichthys,GBIF_EXACT,GBIF
Eukaryota;Chordata;Actinopteri;Scombriformes;Bramidae;Taractichthys;Taractichthys steindachneri,Eukaryota;Chordata;Actinopteri;Scombriformes;Bramidae;Taractichthys;Taractichthys steindachneri,True,"Taractichthys steindachneri (Döderlein, 1883)",99,species,gbif:2369561,Animalia,Chordata,,Perciformes,Bramidae,Taractichthys,GBIF_EXACT,GBIF
Eukaryota;Chordata;Actinopteri;Scombriformes;Gempylidae;Diplospinus;Diplospinus multistriatus,Eukaryota;Chordata;Actinopteri;Scombriformes;Gempylidae;Diplospinus;Diplospinus multistriatus,False,"Diplospinus multistriatus Maul, 1948",100,species,gbif:2397760,Animalia,Chordata,,Perciformes,Gempylidae,Diplospinus,GBIF_EXACT,GBIF
Eukaryota;Chordata;Actinopteri;Scombriformes;Gempylidae;Diplospinus;Diplospinus multistriatus,Eukaryota;Chordata;Actinopteri;Scombriformes;Gempylidae;Diplospinus;Diplospinus multistriatus,True,"Diplospinus multistriatus Maul, 1948",99,species,gbif:2397760,Animalia,Chordata,,Perciformes,Gempylidae,Diplospinus,GBIF_EXACT,GBIF
Eukaryota;Chordata;Actinopteri;Scombriformes;Gempylidae;Gempylus;Gempylus serpens,Eukaryota;Chordata;Actinopteri;Scombriformes;Gempylidae;Gempylus;Gempylus serpens,True,"Gempylus serpens Cuvier, 1829",100,species,gbif:2397775,Animalia,Chordata,,Perciformes,Gempylidae,Gempylus,GBIF_EXACT,GBIF
Eukaryota;Chordata;Actinopteri;Scombriformes;Gempylidae;Neoepinnula;Neoepinnula americana,Eukaryota;Chordata;Actinopteri;Scombriformes;Gempylidae;Neoepinnula;Neoepinnula americana,False,"Neoepinnula americana (Grey, 1953)",100,species,gbif:2397763,Animalia,Chordata,,Perciformes,Gempylidae,Neoepinnula,GBIF_EXACT,GBIF
Eukaryota;Chordata;Actinopteri;Scombriformes;Gempylidae;Neoepinnula;Neoepinnula americana,Eukaryota;Chordata;Actinopteri;Scombriformes;Gempylidae;Neoepinnula;Neoepinnula americana,True,"Neoepinnula americana (Grey, 1953)",99,species,gbif:2397763,Animalia,Chordata,,Perciformes,Gempylidae,Neoepinnula,GBIF_EXACT,GBIF
Eukaryota;Chordata;Actinopteri;Scombriformes;Nomeidae;Cubiceps;Cubiceps baxteri,Eukaryota;Chordata;Actinopteri;Scombriformes;Nomeidae;Cubiceps;Cubiceps baxteri,False,"Cubiceps baxteri McCulloch, 1923",100,species,gbif:2381925,Animalia,Chordata,,Perciformes,Nomeidae,Cubiceps,GBIF_EXACT,GBIF
Eukaryota;Chordata;Actinopteri;Scombriformes;Nomeidae;Cubiceps;Cubiceps baxteri,Eukaryota;Chordata;Actinopteri;Scombriformes;Nomeidae;Cubiceps;Cubiceps baxteri,True,"Cubiceps baxteri McCulloch, 1923",99,species,gbif:2381925,Animalia,Chordata,,Perciformes,Nomeidae,Cubiceps,GBIF_EXACT,GBIF
Eukaryota;Chordata;Actinopteri;Scombriformes;Scombridae,Eukaryota;Chordata;Actinopteri;Scombriformes;Scombridae,True,Scombridae,97,family,gbif:8596,Animalia,Chordata,,Perciformes,Scombridae,,GBIF_EXACT,GBIF
Eukaryota;Chordata;Actinopteri;Scombriformes;Scombridae;Auxis,Eukaryota;Chordata;Actinopteri;Scombriformes;Scombridae;Auxis,True,"Auxis Cuvier, 1829",97,genus,gbif:2374231,Animalia,Chordata,,Perciformes,Scombridae,Auxis,GBIF_EXACT,GBIF
Eukaryota;Chordata;Actinopteri;Scombriformes;Scombridae;Auxis;Auxis rochei,Eukaryota;Chordata;Actinopteri;Scombriformes;Scombridae;Auxis;Auxis rochei,False,"Auxis rochei (Risso, 1810)",100,species,gbif:4286088,Animalia,Chordata,,Perciformes,Scombridae,Auxis,GBIF_EXACT,GBIF
Eukaryota;Chordata;Actinopteri;Scombriformes;Scombridae;Auxis;Auxis rochei,Eukaryota;Chordata;Actinopteri;Scombriformes;Scombridae;Auxis;Auxis rochei,True,"Auxis rochei (Risso, 1810)",99,species,gbif:4286088,Animalia,Chordata,,Perciformes,Scombridae,Auxis,GBIF_EXACT,GBIF
Eukaryota;Chordata;Actinopteri;Scombriformes;Scombridae;Auxis;Auxis thazard,Eukaryota;Chordata;Actinopteri;Scombriformes;Scombridae;Auxis;Auxis thazard,False,"Auxis thazard (Lacepède, 1800)",100,species,gbif:4286082,Animalia,Chordata,,Perciformes,Scombridae,Auxis,GBIF_EXACT,GBIF
Eukaryota;Chordata;Actinopteri;Scombriformes;Scombridae;Auxis;Auxis thazard,Eukaryota;Chordata;Actinopteri;Scombriformes;Scombridae;Auxis;Auxis thazard,True,"Auxis thazard (Lacepède, 1800)",99,species,gbif:4286082,Animalia,Chordata,,Perciformes,Scombridae,Auxis,GBIF_EXACT,GBIF
Eukaryota;Chordata;Actinopteri;Scombriformes;Scombridae;Auxis;Auxis thazard,Eukaryota;Chordata;Actinopteri;Scombriformes;Scombridae;Auxis;Auxis thazard,False,"Auxis thazard thazard (Lacepède, 1800)",99,subspecies,gbif:6168918,Animalia,Chordata,,Perciformes,Scombridae,Auxis,GBIF_EXACT,GBIF
Eukaryota;Chordata;Actinopteri;Scombriformes;Scombridae;Scomber;Scomber colias,Eukaryota;Chordata;Actinopteri;Scombriformes;Scombridae;Scomber;Scomber colias,True,"Scomber colias Gmelin, 1789",100,species,gbif:2374161,Animalia,Chordata,,Perciformes,Scombridae,Scomber,GBIF_EXACT,GBIF
Eukaryota;Chordata;Actinopteri;Scombriformes;Scombridae;Scomber;Scomber colias,Eukaryota;Chordata;Actinopteri;Scombriformes;Scombridae;Scomber;Scomber colias,False,"Scomber colias Gmelin, 1789",99,species,gbif:2374161,Animalia,Chordata,,Perciformes,Scombridae,Scomber,GBIF_EXACT,GBIF
Eukaryota;Chordata;Actinopteri;Scombriformes;Scombridae;Scomberomorus;Scomberomorus cavalla,Eukaryota;Chordata;Actinopteri;Scombriformes;Scombridae;Scomberomorus;Scomberomorus cavalla,True,"Scomberomorus cavalla (Cuvier, 1829)",100,species,gbif:2374282,Animalia,Chordata,,Perciformes,Scombridae,Scomberomorus,GBIF_EXACT,GBIF
Eukaryota;Chordata;Actinopteri;Scombriformes;Scombridae;Scomberomorus;Scomberomorus cavalla,Eukaryota;Chordata;Actinopteri;Scombriformes;Scombridae;Scomberomorus;Scomberomorus cavalla,True,"Scomberomorus cavalla (Cuvier, 1829)",99,species,gbif:2374282,Animalia,Chordata,,Perciformes,Scombridae,Scomberomorus,GBIF_EXACT,GBIF
Eukaryota;Chordata;Actinopteri;Scombriformes;Scombridae;Thunnini,Eukaryota;Chordata;Actinopteri;Scombriformes;Scombridae;Thunnini,True,Scombridae,97,family,gbif:8596,Animalia,Chordata,,Perciformes,Scombridae,,GBIF_EXACT,GBIF
Eukaryota;Chordata;Actinopteri;Scombriformes;Scombridae;Thunnus,Eukaryota;Chordata;Actinopteri;Scombriformes;Scombridae;Thunnus,False,"Thunnus South, 1845",97,genus,gbif:2373932,Animalia,Chordata,,Perciformes,Scombridae,Thunnus,GBIF_EXACT,GBIF
Eukaryota;Chordata;Actinopteri;Scombriformes;Stromateidae;Peprilus;Peprilus burti,Eukaryota;Chordata;Actinopteri;Scombriformes;Stromateidae;Peprilus;Peprilus burti,True,"Peprilus burti Fowler, 1944",100,species,gbif:2397707,Animalia,Chordata,,Perciformes,Stromateidae,Peprilus,GBIF_EXACT,GBIF
Eukaryota;Chordata;Actinopteri;Scombriformes;Stromateidae;Peprilus;Peprilus burti,Eukaryota;Chordata;Actinopteri;Scombriformes;Stromateidae;Peprilus;Peprilus burti,True,"Peprilus burti Fowler, 1944",99,species,gbif:2397707,Animalia,Chordata,,Perciformes,Stromateidae,Peprilus,GBIF_EXACT,GBIF
Eukaryota;Chordata;Actinopteri;Scombriformes;Trichiuridae;Benthodesmus,Eukaryota;Chordata;Actinopteri;Scombriformes;Trichiuridae;Benthodesmus,False,"Benthodesmus Goode & Bean, 1882",97,genus,gbif:2389329,Animalia,Chordata,,Perciformes,Trichiuridae,Benthodesmus,GBIF_EXACT,GBIF
Eukaryota;Chordata;Actinopteri;Scombriformes;Trichiuridae;Benthodesmus;Benthodesmus simonyi,Eukaryota;Chordata;Actinopteri;Scombriformes;Trichiuridae;Benthodesmus;Benthodesmus simonyi,True,"Benthodesmus simonyi (Steindachner, 1891)",100,species,gbif:2389330,Animalia,Chordata,,Perciformes,Trichiuridae,Benthodesmus,GBIF_EXACT,GBIF
Eukaryota;Chordata;Actinopteri;Scombriformes;Trichiuridae;Benthodesmus;Benthodesmus simonyi,Eukaryota;Chordata;Actinopteri;Scombriformes;Trichiuridae;Benthodesmus;Benthodesmus simonyi,False,"Benthodesmus simonyi (Steindachner, 1891)",99,species,gbif:2389330,Animalia,Chordata,,Perciformes,Trichiuridae,Benthodesmus,GBIF_EXACT,GBIF
Eukaryota;Chordata;Actinopteri;Scombriformes;Trichiuridae;Lepidopus;Lepidopus altifrons,Eukaryota;Chordata;Actinopteri;Scombriformes;Trichiuridae;Lepidopus;Lepidopus altifrons,True,"Lepidopus altifrons Parin & Collette, 1993",100,species,gbif:5210265,Animalia,Chordata,,Perciformes,Trichiuridae,Lepidopus,GBIF_EXACT,GBIF
Eukaryota;Chordata;Actinopteri;Scombriformes;Trichiuridae;Lepidopus;Lepidopus altifrons,Eukaryota;Chordata;Actinopteri;Scombriformes;Trichiuridae;Lepidopus;Lepidopus altifrons,False,"Lepidopus altifrons Parin & Collette, 1993",99,species,gbif:5210265,Animalia,Chordata,,Perciformes,Trichiuridae,Lepidopus,GBIF_EXACT,GBIF
Eukaryota;Chordata;Actinopteri;Stomiiformes;Gonostomatidae;Bonapartia;Bonapartia pedaliota,Eukaryota;Chordata;Actinopteri;Stomiiformes;Gonostomatidae;Bonapartia;Bonapartia pedaliota,True,"Bonapartia pedaliota Goode & Bean, 1896",100,species,gbif:5203367,Animalia,Chordata,,Stomiiformes,Gonostomatidae,Bonapartia,GBIF_EXACT,GBIF
Eukaryota;Chordata;Actinopteri;Stomiiformes;Gonostomatidae;Bonapartia;Bonapartia pedaliota,Eukaryota;Chordata;Actinopteri;Stomiiformes;Gonostomatidae;Bonapartia;Bonapartia pedaliota,True,"Bonapartia pedaliota Goode & Bean, 1896",99,species,gbif:5203367,Animalia,Chordata,,Stomiiformes,Gonostomatidae,Bonapartia,GBIF_EXACT,GBIF
Eukaryota;Chordata;Actinopteri;Stomiiformes;Gonostomatidae;Sigmops,Eukaryota;Chordata;Actinopteri;Stomiiformes;Gonostomatidae;Sigmops,False,"Sigmops Gill, 1883",97,genus,gbif:2347420,Animalia,Chordata,,Stomiiformes,Gonostomatidae,Sigmops,GBIF_EXACT,GBIF
Eukaryota;Chordata;Actinopteri;Stomiiformes;Gonostomatidae;Sigmops;Sigmops elongatus,Eukaryota;Chordata;Actinopteri;Stomiiformes;Gonostomatidae;Sigmops;Sigmops elongatus,True,"Sigmops elongatus (Günther, 1878)",100,species,gbif:2347408,Animalia,Chordata,,Stomiiformes,Gonostomatidae,Sigmops,GBIF_EXACT,GBIF
Eukaryota;Chordata;Actinopteri;Stomiiformes;Gonostomatidae;Sigmops;Sigmops elongatus,Eukaryota;Chordata;Actinopteri;Stomiiformes;Gonostomatidae;Sigmops;Sigmops elongatus,True,"Sigmops elongatus (Günther, 1878)",99,species,gbif:2347408,Animalia,Chordata,,Stomiiformes,Gonostomatidae,Sigmops,GBIF_EXACT,GBIF
Eukaryota;Chordata;Actinopteri;Stomiiformes;Phosichthyidae;Vinciguerria,Eukaryota;Chordata;Actinopteri;Stomiiformes;Phosichthyidae;Vinciguerria,True,"Vinciguerria Jordan & Evermann, 1896",97,genus,gbif:2346827,Animalia,Chordata,,Stomiiformes,Phosichthyidae,Vinciguerria,GBIF_EXACT,GBIF
Eukaryota;Chordata;Actinopteri;Stomiiformes;Phosichthyidae;Vinciguerria;Vinciguerria nimbaria,Eukaryota;Chordata;Actinopteri;Stomiiformes;Phosichthyidae;Vinciguerria;Vinciguerria nimbaria,True,"Vinciguerria nimbaria (Jordan & Williams, 1895)",99,species,gbif:2346841,Animalia,Chordata,,Stomiiformes,Phosichthyidae,Vinciguerria,GBIF_EXACT,GBIF
Eukaryota;Chordata;Actinopteri;Stomiiformes;Sternoptychidae;Maurolicus,Eukaryota;Chordata;Actinopteri;Stomiiformes;Sternoptychidae;Maurolicus,False,"Maurolicus Cocco, 1838",97,genus,gbif:2346768,Animalia,Chordata,,Stomiiformes,Sternoptychidae,Maurolicus,GBIF_EXACT,GBIF
Eukaryota;Chordata;Actinopteri;Stomiiformes;Sternoptychidae;Maurolicus;Maurolicus weitzmani,Eukaryota;Chordata;Actinopteri;Stomiiformes;Sternoptychidae;Maurolicus;Maurolicus weitzmani,True,"Maurolicus weitzmani Parin & Kobyliansky, 1993",100,species,gbif:2347496,Animalia,Chordata,,Stomiiformes,Sternoptychidae,Maurolicus,GBIF_EXACT,GBIF
Eukaryota;Chordata;Actinopteri;Stomiiformes;Sternoptychidae;Maurolicus;Maurolicus weitzmani,Eukaryota;Chordata;Actinopteri;Stomiiformes;Sternoptychidae;Maurolicus;Maurolicus weitzmani,True,"Maurolicus weitzmani Parin & Kobyliansky, 1993",99,species,gbif:2347496,Animalia,Chordata,,Stomiiformes,Sternoptychidae,Maurolicus,GBIF_EXACT,GBIF
Eukaryota;Chordata;Actinopteri;Stomiiformes;Sternoptychidae;Polyipnus;Polyipnus asteroides,Eukaryota;Chordata;Actinopteri;Stomiiformes;Sternoptychidae;Polyipnus;Polyipnus asteroides,False,"Polyipnus asteroides Schultz, 1938",100,species,gbif:2347522,Animalia,Chordata,,Stomiiformes,Sternoptychidae,Polyipnus,GBIF_EXACT,GBIF
Eukaryota;Chordata;Actinopteri;Stomiiformes;Sternoptychidae;Valenciennellus;Valenciennellus tripunctulatus,Eukaryota;Chordata;Actinopteri;Stomiiformes;Sternoptychidae;Valenciennellus;Valenciennellus tripunctulatus,True,"Valenciennellus tripunctulatus (Esmark, 1871)",100,species,gbif:2347601,Animalia,Chordata,,Stomiiformes,Sternoptychidae,Valenciennellus,GBIF_EXACT,GBIF
Eukaryota;Chordata;Actinopteri;Stomiiformes;Sternoptychidae;Valenciennellus;Valenciennellus tripunctulatus,Eukaryota;Chordata;Actinopteri;Stomiiformes;Sternoptychidae;Valenciennellus;Valenciennellus tripunctulatus,False,"Valenciennellus tripunctulatus (Esmark, 1871)",99,species,gbif:2347601,Animalia,Chordata,,Stomiiformes,Sternoptychidae,Valenciennellus,GBIF_EXACT,GBIF
Eukaryota;Chordata;Actinopteri;Stomiiformes;Stomiidae;Aristostomias;Aristostomias tittmanni,Eukaryota;Chordata;Actinopteri;Stomiiformes;Stomiidae;Aristostomias;Aristostomias tittmanni,True,"Aristostomias tittmanni Welsh, 1923",100,species,gbif:5203190,Animalia,Chordata,,Stomiiformes,Stomiidae,Aristostomias,GBIF_EXACT,GBIF
Eukaryota;Chordata;Actinopteri;Stomiiformes;Stomiidae;Aristostomias;Aristostomias tittmanni,Eukaryota;Chordata;Actinopteri;Stomiiformes;Stomiidae;Aristostomias;Aristostomias tittmanni,True,"Aristostomias tittmanni Welsh, 1923",99,species,gbif:5203190,Animalia,Chordata,,Stomiiformes,Stomiidae,Aristostomias,GBIF_EXACT,GBIF
Eukaryota;Chordata;Actinopteri;Stomiiformes;Stomiidae;Bathophilus,Eukaryota;Chordata;Actinopteri;Stomiiformes;Stomiidae;Bathophilus,False,"Bathophilus Giglioli, 1882",96,genus,gbif:2346956,Animalia,Chordata,,Stomiiformes,Stomiidae,Bathophilus,GBIF_EXACT,GBIF
Eukaryota;Chordata;Actinopteri;Stomiiformes;Stomiidae;Chauliodus;Chauliodus sloani,Eukaryota;Chordata;Actinopteri;Stomiiformes;Stomiidae;Chauliodus;Chauliodus sloani,True,"Chauliodus sloani Bloch & Schneider, 1801",100,species,gbif:5203203,Animalia,Chordata,,Stomiiformes,Stomiidae,Chauliodus,GBIF_EXACT,GBIF
Eukaryota;Chordata;Actinopteri;Stomiiformes;Stomiidae;Chauliodus;Chauliodus sloani,Eukaryota;Chordata;Actinopteri;Stomiiformes;Stomiidae;Chauliodus;Chauliodus sloani,False,"Chauliodus sloani Bloch & Schneider, 1801",99,species,gbif:5203203,Animalia,Chordata,,Stomiiformes,Stomiidae,Chauliodus,GBIF_EXACT,GBIF
Eukaryota;Chordata;Actinopteri;Stomiiformes;Stomiidae;Heterophotus;Heterophotus ophistoma,Eukaryota;Chordata;Actinopteri;Stomiiformes;Stomiidae;Heterophotus;Heterophotus ophistoma,True,"Heterophotus ophistoma Regan & Trewavas, 1929",100,species,gbif:2347368,Animalia,Chordata,,Stomiiformes,Stomiidae,Heterophotus,GBIF_EXACT,GBIF
Eukaryota;Chordata;Actinopteri;Stomiiformes;Stomiidae;Heterophotus;Heterophotus ophistoma,Eukaryota;Chordata;Actinopteri;Stomiiformes;Stomiidae;Heterophotus;Heterophotus ophistoma,True,"Heterophotus ophistoma Regan & Trewavas, 1929",99,species,gbif:2347368,Animalia,Chordata,,Stomiiformes,Stomiidae,Heterophotus,GBIF_EXACT,GBIF
Eukaryota;Chordata;Actinopteri;Syngnathiformes;Callionymidae;Synchiropus;Synchiropus goodenbeani,Eukaryota;Chordata;Actinopteri;Syngnathiformes;Callionymidae;Synchiropus;Synchiropus goodenbeani,True,"Synchiropus goodenbeani (Nakabo & Hartel, 1999)",99,species,gbif:5961764,Animalia,Chordata,,Perciformes,Callionymidae,Synchiropus,GBIF_EXACT,GBIF
Eukaryota;Chordata;Actinopteri;Syngnathiformes;Centriscidae;Macroramphosus,Eukaryota;Chordata;Actinopteri;Syngnathiformes;Centriscidae;Macroramphosus,False,"Macroramphosus Lacepède, 1803",97,genus,gbif:2333512,Animalia,Chordata,,Syngnathiformes,Centriscidae,Macroramphosus,GBIF_EXACT,GBIF
Eukaryota;Chordata;Actinopteri;Syngnathiformes;Syngnathidae;Bryx;Bryx dunckeri,Eukaryota;Chordata;Actinopteri;Syngnathiformes;Syngnathidae;Bryx;Bryx dunckeri,True,"Bryx dunckeri (Metzelaar, 1919)",100,species,gbif:2332869,Animalia,Chordata,,Syngnathiformes,Syngnathidae,Bryx,GBIF_EXACT,GBIF
Eukaryota;Chordata;Actinopteri;Syngnathiformes;Syngnathidae;Bryx;Bryx dunckeri,Eukaryota;Chordata;Actinopteri;Syngnathiformes;Syngnathidae;Bryx;Bryx dunckeri,True,"Bryx dunckeri (Metzelaar, 1919)",99,species,gbif:2332869,Animalia,Chordata,,Syngnathiformes,Syngnathidae,Bryx,GBIF_EXACT,GBIF
Eukaryota;Chordata;Actinopteri;Tetraodontiformes;Balistidae;Balistes;Balistes capriscus,Eukaryota;Chordata;Actinopteri;Tetraodontiformes;Balistidae;Balistes;Balistes capriscus,False,"Balistes capriscus Gmelin, 1789",98,species,gbif:2407107,Animalia,Chordata,,Tetraodontiformes,Balistidae,Balistes,GBIF_EXACT,GBIF
Eukaryota;Chordata;Actinopteri;Tetraodontiformes;Diodontidae;Chilomycterus;Chilomycterus schoepfii,Eukaryota;Chordata;Actinopteri;Tetraodontiformes;Diodontidae;Chilomycterus;Chilomycterus schoepfii,True,"Chilomycterus schoepfii (Walbaum, 1792)",100,species,gbif:2406494,Animalia,Chordata,,Tetraodontiformes,Diodontidae,Chilomycterus,GBIF_EXACT,GBIF
Eukaryota;Chordata;Actinopteri;Tetraodontiformes;Diodontidae;Chilomycterus;Chilomycterus schoepfii,Eukaryota;Chordata;Actinopteri;Tetraodontiformes;Diodontidae;Chilomycterus;Chilomycterus schoepfii,False,"Chilomycterus schoepfii (Walbaum, 1792)",99,species,gbif:2406494,Animalia,Chordata,,Tetraodontiformes,Diodontidae,Chilomycterus,GBIF_EXACT,GBIF
Eukaryota;Chordata;Actinopteri;Tetraodontiformes;Molidae;Masturus;Masturus lanceolatus,Eukaryota;Chordata;Actinopteri;Tetraodontiformes;Molidae;Masturus;Masturus lanceolatus,True,"Masturus lanceolatus (Liénard, 1840)",100,species,gbif:2407925,Animalia,Chordata,,Tetraodontiformes,Molidae,Masturus,GBIF_EXACT,GBIF
Eukaryota;Chordata;Actinopteri;Tetraodontiformes;Molidae;Masturus;Masturus lanceolatus,Eukaryota;Chordata;Actinopteri;Tetraodontiformes;Molidae;Masturus;Masturus lanceolatus,True,"Masturus lanceolatus (Liénard, 1840)",99,species,gbif:2407925,Animalia,Chordata,,Tetraodontiformes,Molidae,Masturus,GBIF_EXACT,GBIF
Eukaryota;Chordata;Actinopteri;Tetraodontiformes;Tetraodontidae;Canthigaster,Eukaryota;Chordata;Actinopteri;Tetraodontiformes;Tetraodontidae;Canthigaster,False,"Canthigaster Swainson, 1839",97,genus,gbif:2407643,Animalia,Chordata,,Tetraodontiformes,Tetraodontidae,Canthigaster,GBIF_EXACT,GBIF
Eukaryota;Chordata;Actinopteri;Tetraodontiformes;Tetraodontidae;Canthigaster;Canthigaster rostrata,Eukaryota;Chordata;Actinopteri;Tetraodontiformes;Tetraodontidae;Canthigaster;Canthigaster rostrata,True,"Canthigaster rostrata (Bloch, 1786)",100,species,gbif:2407665,Animalia,Chordata,,Tetraodontiformes,Tetraodontidae,Canthigaster,GBIF_EXACT,GBIF
Eukaryota;Chordata;Actinopteri;Tetraodontiformes;Tetraodontidae;Canthigaster;Canthigaster rostrata,Eukaryota;Chordata;Actinopteri;Tetraodontiformes;Tetraodontidae;Canthigaster;Canthigaster rostrata,True,"Canthigaster rostrata (Bloch, 1786)",99,species,gbif:2407665,Animalia,Chordata,,Tetraodontiformes,Tetraodontidae,Canthigaster,GBIF_EXACT,GBIF
Eukaryota;Chordata;Actinopteri;Tetraodontiformes;Tetraodontidae;Lagocephalus;Lagocephalus laevigatus,Eukaryota;Chordata;Actinopteri;Tetraodontiformes;Tetraodontidae;Lagocephalus;Lagocephalus laevigatus,False,"Lagocephalus laevigatus (Linnaeus, 1766)",99,species,gbif:2407750,Animalia,Chordata,,Tetraodontiformes,Tetraodontidae,Lagocephalus,GBIF_EXACT,GBIF
Eukaryota;Chordata;Actinopteri;Tetraodontiformes;Tetraodontidae;Sphoeroides;Sphoeroides dorsalis,Eukaryota;Chordata;Actinopteri;Tetraodontiformes;Tetraodontidae;Sphoeroides;Sphoeroides dorsalis,True,"Sphoeroides dorsalis Longley, 1934",100,species,gbif:2407870,Animalia,Chordata,,Tetraodontiformes,Tetraodontidae,Sphoeroides,GBIF_EXACT,GBIF
Eukaryota;Chordata;Actinopteri;Tetraodontiformes;Tetraodontidae;Sphoeroides;Sphoeroides dorsalis,Eukaryota;Chordata;Actinopteri;Tetraodontiformes;Tetraodontidae;Sphoeroides;Sphoeroides dorsalis,True,"Sphoeroides dorsalis Longley, 1934",99,species,gbif:2407870,Animalia,Chordata,,Tetraodontiformes,Tetraodontidae,Sphoeroides,GBIF_EXACT,GBIF
Eukaryota;Chordata;Mammalia;Artiodactyla;Delphinidae;Steno;Steno bredanensis,Eukaryota;Chordata;Mammalia;Artiodactyla;Delphinidae;Steno;Steno bredanensis,False,"Steno bredanensis (G.Cuvier, 1828)",99,species,gbif:2440433,Animalia,Chordata,Mammalia,Cetacea,Delphinidae,Steno,GBIF_EXACT,GBIF
Eukaryota;Chordata;Mammalia;Artiodactyla;Delphinidae;Tursiops;Tursiops truncatus,Eukaryota;Chordata;Mammalia;Artiodactyla;Delphinidae;Tursiops;Tursiops truncatus,False,"Tursiops truncatus gephyreus Lahille, 1908",99,subspecies,gbif:10681135,Animalia,Chordata,Mammalia,Cetacea,Delphinidae,Tursiops,GBIF_EXACT,GBIF
Eukaryota;Chordata;Mammalia;Artiodactyla;Delphinidae;Tursiops;Tursiops truncatus,Eukaryota;Chordata;Mammalia;Artiodactyla;Delphinidae;Tursiops;Tursiops truncatus,False,"Tursiops truncatus truncatus (Montagu, 1821)",99,subspecies,gbif:7194018,Animalia,Chordata,Mammalia,Cetacea,Delphinidae,Tursiops,GBIF_EXACT,GBIF
Eukaryota;Chordata;Mammalia;Artiodactyla;Delphinidae;Tursiops;Tursiops truncatus,Eukaryota;Chordata;Mammalia;Artiodactyla;Delphinidae;Tursiops;Tursiops truncatus,False,"Tursiops truncatus (Montagu, 1821)",98,species,gbif:2440447,Animalia,Chordata,Mammalia,Cetacea,Delphinidae,Tursiops,GBIF_EXACT,GBIF
